epoch,open,high,low,close
1735689600,99897.0839,100092.6298,98172.8131,99176.2803
1735704000,99161.747,100010.5614,97569.4228,97823.5681
1735718400,97827.8222,99348.8891,96845.2122,97622.1675
1735732800,97631.8367,98308.2412,96164.6913,97380.0224
1735747200,97361.2059,99035.7474,96726.6414,98288.3988
1735761600,98284.5664,98284.5664,94830.3784,95412.0951
1735776000,95402.3388,97494.7117,94937.3706,97254.0501
1735790400,97278.2299,100144.1601,97197.6607,98660.1614
1735804800,98644.9297,98855.4194,96649.4283,96944.0597
1735819200,96914.5586,98190.6927,96097.8768,96660.2269
1735833600,96671.78,99487.5766,96557.7309,99408.3393
1735848000,99439.0244,103300.2938,98965.1307,103222.6907
1735862400,103185.9873,103567.8589,100223.5795,102404.2207
1735876800,102412.3825,103158.9711,101591.0318,102102.6903
1735891200,102091.0767,102387.8491,100025.0609,100727.0474
1735905600,100725.9204,101782.5879,99402.1823,101256.8649
1735920000,101238.6468,101277.4173,99137.2707,99631.4435
1735934400,99615.4127,101024.6037,98941.7479,100844.7538
1735948800,100860.6433,103897.445,100777.0102,102559.5653
1735963200,102548.2356,103679.0544,101355.3022,101647.8012
1735977600,101640.3861,102701.8623,100781.5113,101528.8855
1735992000,101535.4061,101575.7699,98100.5373,98841.827
1736006400,98829.5261,101606.0865,98602.9002,100466.5083
1736020800,100466.0492,100938.8072,98755.5658,100800.2982
1736035200,100822.5638,102897.803,100120.1528,102452.7905
1736049600,102442.3753,104629.4495,101366.381,103491.3799
1736064000,103494.1006,106516.6512,103137.4811,104979.9925
1736078400,104971.7773,107441.9993,104371.7995,105190.3134
1736092800,105163.0239,106850.2599,103861.4728,106816.5917
1736107200,106810.5146,106859.9663,102590.1204,102651.4237
1736121600,102626.6447,103865.4475,100828.6576,101695.538
1736136000,101698.5456,102043.7524,98955.1704,99878.1776
1736150400,99861.5845,101863.7669,99733.8047,101207.7205
1736164800,101212.6172,103221.573,100679.3284,102435.6098
1736179200,102388.882,102589.8247,99921.9616,100802.7339
1736193600,100833.2893,101686.9294,99579.0839,100657.0498
1736208000,100666.365,101619.8627,100163.0816,101147.2483
1736222400,101138.5299,103195.6429,100633.9826,101739.7949
1736236800,101744.8006,102924.284,100179.5728,102366.497
1736251200,102361.0946,103399.8592,100572.6604,101290.2118
1736265600,101283.3146,101984.0125,99597.4529,101452.2853
1736280000,101446.1425,103548.3232,100733.8042,102436.7346
1736294400,102472.113,104193.4026,102077.3391,102541.0518
1736308800,102565.0986,103041.0175,100620.3037,100811.8212
1736323200,100800.6615,103441.4597,100800.6615,102106.8239
1736337600,102095.832,103183.2889,100316.5093,100490.9459
1736352000,100482.4037,101571.9798,99866.3873,100535.8507
1736366400,100590.0445,101908.1716,98889.029,100675.744
1736380800,100689.5621,102240.1891,100058.3103,101573.9597
1736395200,101588.9868,103464.0715,100539.6216,102717.7645
1736409600,102691.0998,103345.0698,99881.3478,100148.5642
1736424000,100154.9687,101240.6308,99709.4202,101093.3099
1736438400,101111.7904,101518.4837,99185.1404,100130.3056
1736452800,100135.9801,100356.1521,97726.6878,98347.4534
1736467200,98341.2111,99938.6475,97554.2276,97722.9868
1736481600,97716.0227,98890.9862,96295.0611,98688.698
1736496000,98657.911,99857.7861,98231.9559,98605.62
1736510400,98632.713,99818.214,97654.4475,98340.229
1736524800,98356.7089,99340.5278,97628.9393,98703.3008
1736539200,98706.4252,98830.327,96463.6751,97976.275
1736553600,97975.135,99868.4867,96963.3465,99856.4902
1736568000,99859.0689,100391.4674,97171.7523,97642.5079
1736582400,97650.6665,97927.1707,95586.1493,97385.6058
1736596800,97367.5334,100031.8797,96882.5896,98712.5214
1736611200,98691.7346,99779.6092,97192.3629,99456.1563
1736625600,99471.4747,101177.2645,98309.3284,101161.9542
1736640000,101152.9593,103122.3175,101129.5821,102554.1219
1736654400,102567.1118,104291.8022,101767.6665,103286.2354
1736668800,103282.3139,103290.8672,100886.7315,103003.2513
1736683200,103014.0199,104086.8496,101777.1958,102768.3985
1736697600,102781.3944,103648.0088,101906.2896,101954.1159
1736712000,101940.2941,102095.9915,100266.9691,100652.0318
1736726400,100655.6825,101795.7073,98118.4285,98237.8829
1736740800,98233.1064,100821.4945,97926.9774,100717.304
1736755200,100721.704,101638.4846,99279.7714,100153.9288
1736769600,100161.127,101372.3671,99073.5053,101151.2931
1736784000,101168.2224,101520.9147,98595.9664,100404.4194
1736798400,100397.6822,101878.6454,99295.8805,99295.8805
1736812800,99331.7789,100277.8973,95538.5306,96031.8695
1736827200,96053.981,96776.3172,94574.0945,96066.7243
1736841600,96047.7666,98331.2279,95066.6083,97754.421
1736856000,97753.8196,100700.0241,97365.3937,98576.0101
1736870400,98563.7778,99539.3158,96786.715,98830.884
1736884800,98812.4057,100509.9966,98308.3749,99082.8923
1736899200,99078.3549,100238.6839,96993.9884,97044.5524
1736913600,97070.6664,98345.8574,96287.6857,96785.2952
1736928000,96809.381,97460.1831,95196.2291,95521.0858
1736942400,95520.4885,95841.9009,91726.3331,92526.7073
1736956800,92531.315,93428.5359,91661.7497,93271.2332
1736971200,93252.3669,94021.3632,92266.2986,93284.315
1736985600,93228.7838,93836.7566,92423.5337,93166.7917
1737000000,93168.3711,95501.0101,92645.6363,95379.866
1737014400,95409.0054,97464.2105,95278.6236,96373.1285
1737028800,96370.0583,96856.8664,94963.8142,95253.1929
1737043200,95243.5096,96251.0877,94307.5436,96119.2544
1737057600,96116.2616,97550.9353,95934.2632,96579.5695
1737072000,96559.8096,96559.8096,94223.7035,95361.1426
1737086400,95341.7069,96035.2048,93909.7891,94500.2107
1737100800,94499.9785,96168.6128,94019.4483,94222.5603
1737115200,94203.5992,98349.3112,93713.612,98221.6049
1737129600,98212.5624,99035.3932,97259.118,98704.5403
1737144000,98718.9397,98773.7245,95208.7021,95851.3175
1737158400,95850.1416,97149.3201,95587.364,96269.2509
1737172800,96294.142,97242.3736,95280.8533,96728.7478
1737187200,96714.5138,97518.2614,95710.8351,97019.8984
1737201600,97007.963,97819.8671,95744.5698,97684.942
1737216000,97651.0298,100309.9899,97651.0298,98561.7138
1737230400,98508.0422,101599.2802,98508.0422,100893.3835
1737244800,100894.5263,100894.5263,98267.1484,98536.5858
1737259200,98530.2901,99400.6984,97901.2494,97942.0204
1737273600,97952.1464,98102.5185,95442.6994,96086.7786
1737288000,96078.133,96550.2798,94009.914,94287.3282
1737302400,94285.9253,94699.8297,90492.6214,90537.4795
1737316800,90527.0112,93283.6671,90309.4729,92953.1729
1737331200,92944.4526,93251.5977,91074.3431,91167.2798
1737345600,91169.8174,92790.4971,90810.7782,91816.5253
1737360000,91815.62,91967.5099,89555.0321,89928.2263
1737374400,89918.3206,91138.5759,88758.0073,91014.0328
1737388800,91022.4867,92345.1914,90813.2596,90967.9183
1737403200,90953.6595,91062.484,88713.7606,90057.9642
1737417600,90061.9984,90554.5244,88062.7487,89326.2152
1737432000,89351.4763,90465.7913,88232.899,88707.0439
1737446400,88721.8514,89175.5494,87265.7459,87844.5839
1737460800,87868.9687,88563.1247,87025.136,88048.0229
1737475200,88060.7551,88472.1636,86171.2801,87798.8881
1737489600,87788.3129,90480.5046,87204.098,88976.4874
1737504000,88959.1081,89538.704,87795.2659,87939.2656
1737518400,87935.6289,89043.9474,86504.1255,87411.2192
1737532800,87427.9755,88712.4749,86719.2754,87644.143
1737547200,87663.5408,89020.4733,86719.0231,89001.0198
1737561600,89015.8095,90923.312,88294.8852,90897.6833
1737576000,90897.6513,92956.3171,90653.2298,92048.6095
1737590400,92043.098,95605.1753,92014.4549,95074.6003
1737604800,95075.3502,98048.5423,95040.5499,97422.2094
1737619200,97418.6653,98246.799,96443.5217,97399.9244
1737633600,97407.9333,97407.9333,95619.8286,96206.1542
1737648000,96221.3895,97460.07,94659.054,94984.8442
1737662400,94998.5386,96138.8849,94771.5071,95196.9638
1737676800,95235.9352,98329.0792,95227.7655,97402.9138
1737691200,97403.6036,99848.4203,97240.3545,99163.3457
1737705600,99202.5142,101602.5057,98912.792,100880.5363
1737720000,100872.1656,101482.6348,98509.2093,99582.6008
1737734400,99587.3248,100170.1982,97951.1179,98634.7077
1737748800,98615.6424,100239.3361,98432.9949,99945.253
1737763200,99909.5176,101083.5458,98604.6229,99323.127
1737777600,99335.8359,99668.5133,96877.1458,97386.2594
1737792000,97371.3447,98639.5096,97059.9829,97520.002
1737806400,97540.4964,98981.6035,97523.0617,98745.7484
1737820800,98731.6348,99450.9813,97218.2595,97503.3142
1737835200,97527.7195,98454.7806,96243.7973,97092.3426
1737849600,97082.1361,97904.4557,95872.6527,96254.8448
1737864000,96251.7411,97011.0831,95630.1806,97009.0015
1737878400,96997.5794,98840.0205,96210.2454,96210.2454
1737892800,96200.8663,96325.6192,93922.4944,95041.5525
1737907200,95017.8939,96061.7538,94577.1941,94950.9779
1737921600,94964.8505,96326.156,94487.8538,95367.0934
1737936000,95384.6752,96033.8536,94662.2864,94972.5155
1737950400,94980.824,96881.9167,94305.021,96370.7373
1737964800,96401.7406,96679.2253,94757.2838,95147.47
1737979200,95152.4549,97758.6657,94889.3153,96646.0944
1737993600,96640.0151,96933.1228,95076.674,95572.3241
1738008000,95570.4558,95713.3298,93188.4262,94076.9931
1738022400,94072.7831,95803.0048,93962.6921,94322.4692
1738036800,94328.08,95863.0833,93743.0312,94051.5669
1738051200,94045.4073,96962.263,93938.732,96136.8786
1738065600,96154.1517,96173.6376,92528.12,93007.2944
1738080000,93004.5313,94552.9668,92599.6523,92776.2622
1738094400,92752.8969,92821.9648,90337.4061,91009.3207
1738108800,91004.3758,91644.1604,90335.9687,91180.5268
1738123200,91150.3987,92271.1533,89778.6758,92031.9373
1738137600,92036.5565,92183.548,89799.582,90704.5861
1738152000,90704.1813,90794.6605,87869.1563,87927.8989
1738166400,87902.9881,88615.6285,86610.111,87924.192
1738180800,87906.9265,89491.84,86812.6614,89034.7827
1738195200,89050.0854,89387.4324,87343.2286,88581.0778
1738209600,88602.0455,89641.6522,88170.6473,88842.1094
1738224000,88831.4429,89562.7536,87649.0677,88606.1998
1738238400,88609.2558,88841.9526,87139.2752,88368.8846
1738252800,88352.1131,88759.29,87065.6864,88409.006
1738267200,88403.8164,89678.5989,87937.7702,88322.9729
1738281600,88345.0874,88345.0874,88345.0874,88345.0874
1738296000,88942.5498,90212.5082,88364.8508,88820.9154
1738310400,88837.4374,88857.5953,87288.8708,88413.6788
1738324800,88415.3206,89150.2395,87219.8663,88049.9649
1738339200,88050.7892,89134.1816,86666.287,87254.6247
1738353600,87240.8123,89244.175,87176.9004,88161.8954
1738368000,88158.2534,89099.9066,83259.9837,83514.3752
1738382400,83514.2022,84497.5377,83056.541,83796.2855
1738396800,83798.114,83941.9771,82549.3478,83251.3928
1738411200,83238.1793,83813.7422,81349.5914,81643.2517
1738425600,81647.9936,82046.3421,80683.5212,81005.2927
1738440000,81006.9099,81738.5493,80405.7348,80890.4986
1738454400,80880.8229,84017.6734,80802.4314,83577.0558
1738468800,83592.5604,84016.0613,82142.213,82578.925
1738483200,82598.8312,83569.0787,81439.7721,82215.0701
1738497600,82227.3762,84233.9654,81489.4673,83060.384
1738512000,83068.6051,84469.869,82791.1438,83434.9208
1738526400,83434.9987,85308.9419,82993.9483,84982.854
1738540800,85000.1817,85358.5016,84002.0061,84887.7088
1738555200,84882.8268,86099.9425,84719.8862,85704.8913
1738569600,85701.0839,87198.9983,85327.5992,86934.2901
1738584000,86924.1342,87407.4063,85501.1109,85935.9492
1738598400,85933.2211,86338.2789,84492.3114,85244.8028
1738612800,85259.555,88162.5222,84399.1884,87638.33
1738627200,87641.0314,89267.6143,86629.9223,88138.1758
1738641600,88166.681,89252.4588,87334.87,88821.4001
1738656000,88800.0643,89718.5968,87793.6843,88087.8512
1738670400,88109.1179,88466.7974,87406.1397,87703.0713
1738684800,87720.0224,87763.2406,85979.8319,87564.5322
1738699200,87555.4254,87649.3456,85314.5743,85926.5438
1738713600,85932.0351,86053.112,85153.8811,85973.3166
1738728000,85976.6913,86867.9218,85278.1425,85399.3541
1738742400,85384.29,86510.7352,84250.6004,85524.7493
1738756800,85528.516,85718.3995,83006.1526,83236.0349
1738771200,83252.6757,84683.4429,82514.0496,82747.6149
1738785600,82764.7347,83163.0338,81615.7246,81946.3909
1738800000,81972.2567,84111.2403,81506.7807,83785.6958
1738814400,83792.993,83825.2456,81871.6136,82183.9117
1738828800,82177.6735,84823.293,81618.0944,84724.4583
1738843200,84707.4382,85884.6452,83199.4824,83367.7965
1738857600,83371.0005,84735.1271,82703.8975,83815.3712
1738872000,83783.8073,85669.1431,83495.4275,84882.5647
1738886400,84856.6538,85578.5452,84028.244,85056.9989
1738900800,85047.6765,86616.7985,85013.6324,86246.7068
1738915200,86233.1535,86443.4029,84066.3655,84242.2673
1738929600,84233.1206,84776.9708,82643.825,82942.983
1738944000,82958.6835,83244.6611,80401.6655,80436.5958
1738958400,80407.4996,80737.979,78151.8654,79199.5813
1738972800,79180.0273,79613.2292,78699.1119,79108.5766
1738987200,79099.16,79677.2129,78178.2556,79129.3834
1739001600,79135.6185,80125.7323,78318.8801,79968.4112
1739016000,79956.8138,80955.0298,79244.7147,79780.593
1739030400,79787.272,80600.9387,79080.6952,79719.1863
1739044800,79700.5207,81214.8208,79021.6768,81134.0173
1739059200,81157.2333,82181.9033,80291.9324,81688.7335
1739073600,81684.6542,82241.8286,81139.9957,81602.6104
1739088000,81602.2717,82945.1689,81030.3306,82348.6174
1739102400,82356.5551,82767.5411,80321.2388,80698.7102
1739116800,80690.7247,82051.4278,79631.1107,79767.9373
1739131200,79756.1269,80679.0258,79276.4702,80251.9678
1739145600,80233.0818,80526.3707,79360.4685,79789.255
1739160000,79774.0362,79947.0529,78030.5147,78443.394
1739174400,78432.4375,79297.3054,77303.2449,78415.05
1739188800,78427.8024,78879.3576,77233.4918,77590.2374
1739203200,77588.3556,77912.3786,75814.2112,76795.7174
1739217600,76800.7973,78989.6714,76272.764,78478.1068
1739232000,78460.3735,79053.5035,76054.9142,76154.5514
1739246400,76180.5783,77214.114,75255.626,76921.0297
1739260800,76926.4463,77583.7144,76027.2393,76258.7372
1739275200,76297.2309,76677.2671,73965.4486,75322.9804
1739289600,75311.1106,77033.5,75160.8077,76307.2365
1739304000,76278.7416,77665.3454,75849.9734,76567.8236
1739318400,76598.8842,76728.0416,74104.5421,74589.4501
1739332800,74585.8856,75341.7588,73840.9988,74547.1751
1739347200,74528.178,75579.3393,73957.1554,75382.6138
1739361600,75396.1374,75396.1374,72580.6087,73412.6518
1739376000,73413.665,73549.7445,71799.864,71970.5658
1739390400,71961.5737,73188.4096,71929.0967,72265.8424
1739404800,72253.3198,72310.1909,70501.8354,71853.0112
1739419200,71849.6796,73063.2198,71493.8986,73030.6679
1739433600,73022.6901,74427.326,72452.1229,73393.3078
1739448000,73407.1392,74547.3676,73061.6888,74415.1824
1739462400,74411.3105,74744.128,72027.4669,72484.2478
1739476800,72495.5579,73374.159,71892.6021,72349.5325
1739491200,72342.5201,73629.3455,71992.7992,73133.3522
1739505600,73099.4517,73623.7895,72405.6573,73564.3506
1739520000,73562.1247,75197.7499,73531.9335,74063.7616
1739534400,74057.5368,74737.7687,72734.6969,73205.2122
1739548800,73206.9874,74738.3084,73047.36,74138.4991
1739563200,74120.2832,75155.9624,73270.9838,74633.8789
1739577600,74646.1729,74672.2373,71485.3148,72660.7563
1739592000,72675.8633,73343.4551,71891.7708,72719.6709
1739606400,72736.2869,75737.0345,72532.0567,75299.5111
1739620800,75280.9321,76491.3459,75133.7512,75978.2667
1739635200,75961.4566,76321.1884,75206.5606,76196.9186
1739649600,76188.9321,77164.9885,76106.3088,76770.8529
1739664000,76786.5628,76997.2296,76100.7124,76262.5538
1739678400,76244.9515,77075.2443,75261.5152,76249.5223
1739692800,76251.9872,78172.1833,75984.288,77992.8696
1739707200,77996.7991,78806.5485,76772.0196,78127.8794
1739721600,78132.5347,78312.6069,76150.3489,76155.4283
1739736000,76171.5617,78556.2355,75713.6782,78433.3667
1739750400,78436.1263,79290.327,77627.6421,77790.037
1739764800,77769.057,78340.0476,76598.6649,77041.7975
1739779200,77029.8663,77464.3988,76498.2634,77047.406
1739793600,77051.6938,78229.763,76209.8836,78104.657
1739808000,78108.7396,79810.0922,77686.1521,79810.0922
1739822400,79828.1306,80684.9695,78802.8569,79228.8797
1739836800,79221.6146,80171.8749,78508.7604,78678.6729
1739851200,78697.4334,79873.7385,78310.7324,79873.7385
1739865600,79911.3112,81938.0985,79515.4645,80544.7812
1739880000,80566.8686,81776.7191,79602.6609,81451.8286
1739894400,81442.6837,82329.8201,78044.5809,78102.4603
1739908800,78136.0697,78501.6453,77379.3738,78260.3017
1739923200,78249.1549,79222.9522,77843.8243,78273.6759
1739937600,78273.3208,78932.4332,77347.6794,78545.2413
1739952000,78540.5148,78754.4625,77281.779,78479.0804
1739966400,78508.9236,80604.9338,78074.1482,79961.4243
1739980800,79946.1612,81859.1255,79606.811,79649.9175
1739995200,79670.4227,80464.5925,78832.8027,80423.6159
1740009600,80419.0831,82918.8238,80020.5317,81884.2751
1740024000,81890.9902,84674.573,81678.0807,84607.2461
1740038400,84590.4246,85260.7489,83670.6617,83722.1145
1740052800,83743.377,85193.9323,83582.483,85045.1928
1740067200,85035.482,86882.8789,84891.6311,85795.5069
1740081600,85794.403,86639.2021,84699.9761,85999.9184
1740096000,86003.3153,87455.8506,85925.355,87379.625
1740110400,87401.1468,87833.1151,86621.6713,87270.0863
1740124800,87278.1519,87625.6925,86468.9801,86669.4761
1740139200,86672.2275,88391.3972,86341.3263,87077.9203
1740153600,87065.4921,88242.9221,86446.6395,86666.9252
1740168000,86652.8303,86684.632,84678.3074,85281.6664
1740182400,85285.5949,85798.7569,83026.323,83272.822
1740196800,83287.3539,84465.665,82496.7713,84241.7581
1740211200,84226.5689,84558.7447,82901.7867,83042.979
1740225600,83058.0655,83595.222,81670.6597,81981.39
1740240000,82002.7199,87541.2344,81720.377,87515.2456
1740254400,87566.7503,88574.4225,86667.0006,87889.0855
1740268800,87890.363,89263.5718,87401.5345,88426.8202
1740283200,88460.4653,89756.3701,87868.6082,88571.6443
1740297600,88576.9717,89646.4883,87550.1382,88073.85
1740312000,88089.8549,89198.5056,86966.9241,89098.5768
1740326400,89103.5348,90281.3139,88767.6137,89423.3025
1740340800,89454.6283,90285.2962,88152.0161,88152.2332
1740355200,88136.1531,88419.6581,85741.6675,86507.0898
1740369600,86527.1864,88454.759,86142.9414,87981.6058
1740384000,87989.0038,88938.9404,86376.468,88915.6521
1740398400,88907.4891,90493.6121,88268.121,88839.7638
1740412800,88828.7322,89018.011,86218.4189,86907.8174
1740427200,86923.0336,86981.2182,84184.9959,84778.0509
1740441600,84785.5604,85346.4472,84135.6514,85323.9993
1740456000,85293.1529,85530.2486,83447.0734,84903.6442
1740470400,84917.9847,87010.5436,84778.8944,85638.9925
1740484800,85631.189,86404.7204,84075.701,85761.0085
1740499200,85767.3851,86203.1405,84631.6121,85653.6862
1740513600,85655.7762,86748.605,85028.9675,86075.0724
1740528000,86055.4747,87241.1046,85785.4629,86103.2414
1740542400,86114.4655,88036.1778,85341.3461,88016.9312
1740556800,88005.4348,89653.1188,87137.3197,87564.7
1740571200,87557.3177,87642.7731,84766.6663,85506.6519
1740585600,85509.9994,86877.0012,83742.2335,86839.5778
1740600000,86833.1788,86989.1905,85353.0943,86608.3415
1740614400,86646.4553,87749.6075,85339.4351,87692.2028
1740628800,87681.7435,88679.7899,87185.8507,87906.9662
1740643200,87948.7336,90417.9255,87429.0833,88900.0115
1740657600,88888.0909,89575.8723,86764.3323,88649.3406
1740672000,88637.9835,89870.8877,87946.7699,89100.8504
1740686400,89108.8474,92073.6568,88742.4435,91003.8466
1740700800,91009.9911,91942.2816,90690.9423,91294.8385
1740715200,91268.2673,91268.2673,88924.8186,90283.2191
1740729600,90249.5649,90838.0415,89132.4917,89975.1516
1740744000,89954.5229,90926.7835,89353.222,89630.4652
1740758400,89635.306,91160.8143,88319.0412,91002.825
1740772800,90978.9468,93807.3755,90875.5288,91166.4281
1740787200,91182.6042,92342.4899,89364.8094,89656.5243
1740801600,89656.7259,93908.6592,88944.4175,93289.666
1740816000,93293.0509,93365.2892,91442.0048,92460.8114
1740830400,92456.2401,94385.6468,92153.9567,93449.1325
1740844800,93452.2894,96094.2948,92758.9599,95910.0376
1740859200,95906.5656,96855.5283,95160.6327,96466.3653
1740873600,96458.1386,96711.3358,92906.6525,93417.1373
1740888000,93418.2823,93418.2823,93418.2823,93418.2823
1740902400,93757.5353,94981.3781,93053.3301,93469.7246
1740916800,93473.4709,93547.6045,90547.7648,93015.2055
1740931200,93031.1716,93227.2652,91467.222,91828.6216
1740945600,91840.6253,94890.6424,91354.5167,94196.9855
1740960000,94192.8869,95661.2093,93817.256,95002.2266
1740974400,95011.5563,95608.477,92949.5798,93456.6313
1740988800,93471.009,93863.8675,89678.2044,89712.3755
1741003200,89722.1224,91125.1981,89086.902,91031.7559
1741017600,91009.0259,91643.0307,89700.8082,90252.6874
1741032000,90234.1754,92049.4594,89700.6387,90859.7738
1741046400,90870.1484,91010.9209,89326.3935,89774.2915
1741060800,89775.6509,90278.1285,88839.8217,89588.0216
1741075200,89580.9098,91139.663,89386.3342,91021.4485
1741089600,91040.0041,92999.4697,90565.3473,90848.0459
1741104000,90846.9577,92923.2367,90278.0466,92277.0297
1741118400,92272.3883,93702.2275,91080.6015,93661.4293
1741132800,93668.6556,95891.2085,93563.4745,95086.4193
1741147200,95099.9574,95249.2554,93115.1781,93580.9686
1741161600,93590.7107,94829.8309,92266.7857,92430.1233
1741176000,92435.6462,93350.7999,90539.8116,92768.4238
1741190400,92772.051,95323.4566,92320.7,93828.011
1741204800,93864.333,94480.4308,92512.2963,93536.5589
1741219200,93518.1953,93659.5605,90926.0963,91775.4322
1741233600,91754.4633,92394.3943,90435.039,91081.8486
1741248000,91081.0033,92363.5149,90061.2805,91626.0414
1741262400,91652.2618,92537.6002,91180.4803,92281.4614
1741276800,92284.2151,92805.9612,90976.3914,91439.2574
1741291200,91441.3328,91845.5387,88336.6777,88887.4829
1741305600,88902.9091,92323.8841,88696.2388,91970.4522
1741320000,91984.7189,92356.2538,90384.1796,91487.7672
1741334400,91480.2147,95140.9221,90817.3262,94149.2067
1741348800,94138.8386,96507.2504,93600.3969,96341.4228
1741363200,96373.6341,97181.0123,94722.2986,94845.4179
1741377600,94847.7808,95956.3758,94167.0645,95460.591
1741392000,95472.0245,96236.0872,94146.8583,94818.8981
1741406400,94788.1146,95635.283,93697.7561,95534.7182
1741420800,95516.6319,96027.2309,91324.2772,91611.7833
1741435200,91615.092,93950.9149,91299.5524,93785.3609
1741449600,93811.0582,94962.2125,92460.8273,94510.7162
1741464000,94519.0177,94831.8206,91310.9859,92821.1754
1741478400,92831.1996,94519.0231,92728.831,94164.3495
1741492800,94183.1566,95504.5488,93148.5396,95409.9288
1741507200,95411.3618,97328.7547,95135.5043,96146.4605
1741521600,96139.7854,97068.1233,95582.7932,96808.2856
1741536000,96815.7684,98249.325,95494.9103,95494.9103
1741550400,95508.9893,96730.5215,94614.1575,95536.2529
1741564800,95530.3422,96410.0386,94817.6252,94954.1536
1741579200,94933.4259,95009.095,92940.9127,93682.4825
1741593600,93684.6901,95128.0298,92517.6449,92538.0521
1741608000,92542.6649,92917.4738,91041.306,92499.4528
1741622400,92483.6972,93939.9707,91605.1008,93162.4269
1741636800,93181.1646,95248.2752,92810.5887,95015.8165
1741651200,95014.8786,95910.0151,92955.4841,93035.1123
1741665600,93052.1188,95296.6193,92507.3469,94736.034
1741680000,94747.0458,95541.4386,93630.9276,95192.3293
1741694400,95188.2117,98240.0175,95083.067,97488.8875
1741708800,97449.4196,98516.4644,96890.5403,98018.7116
1741723200,98043.3816,98554.6946,96602.4743,97108.7779
1741737600,97079.7294,98968.5591,96491.3857,97853.9911
1741752000,97844.2984,98156.1693,95986.3967,96817.1186
1741766400,96811.8406,97592.5111,95901.4223,96122.8239
1741780800,96107.0993,96244.3247,94510.291,95347.1254
1741795200,95330.6372,96235.8417,94354.2338,94677.6787
1741809600,94667.7533,95291.1883,93554.9315,94142.7857
1741824000,94159.2456,95122.3077,93364.3566,93990.1918
1741838400,93978.7636,94865.8833,93562.5823,94346.0755
1741852800,94331.7627,94739.1024,92547.8414,93143.4778
1741867200,93149.2474,94150.6686,91117.5311,91969.3103
1741881600,91952.5211,93662.798,91541.0785,93021.2487
1741896000,93015.1252,94591.5896,92613.7996,93837.0547
1741910400,93815.1073,94338.9342,92046.617,92176.0311
1741924800,92187.486,94653.4852,92019.9495,93879.8675
1741939200,93907.1428,96116.4486,93907.1428,95534.1748
1741953600,95537.7876,95851.0834,93467.9321,93470.0129
1741968000,93475.8246,93554.0749,90746.9305,91654.0233
1741982400,91650.6185,94650.372,91334.4377,94595.1337
1741996800,94572.8958,94976.2539,92231.6994,92683.1859
1742011200,92693.7994,94661.4968,91990.069,94646.5585
1742025600,94659.1102,96748.6609,94269.7241,95746.3722
1742040000,95751.5697,96416.5711,94772.7485,94860.284
1742054400,94885.2129,95112.0448,91703.9357,91986.688
1742068800,92002.0455,93589.9757,91739.7051,92021.9808
1742083200,92027.1464,92893.2521,91633.6803,92204.6034
1742097600,92197.3459,93312.0691,91647.5592,92242.2487
1742112000,92258.425,93123.0341,90637.8174,90960.9367
1742126400,90972.6401,92074.2453,89700.5848,92025.9642
1742140800,92020.3845,92024.7509,87615.9172,88174.832
1742155200,88186.8863,88532.9826,86655.433,86973.3896
1742169600,86961.2882,87183.0064,85411.397,86923.616
1742184000,86929.9346,87553.8302,86223.8837,86412.5673
1742198400,86382.11,89743.7109,86332.4047,89655.555
1742212800,89689.7623,89989.1276,87929.2005,88542.3526
1742227200,88571.6781,90724.5308,87644.723,89746.9776
1742241600,89756.6326,93083.8178,89384.7233,92699.1305
1742256000,92695.6912,93242.0755,91749.2117,91933.55
1742270400,91932.3815,93388.5233,91712.7004,92854.5022
1742284800,92861.7706,94119.5527,92323.4166,92708.0118
1742299200,92681.6367,93293.8862,91738.8923,91998.8642
1742313600,92009.9306,94088.2014,91845.1369,92937.1988
1742328000,92940.4246,94702.4526,91290.0354,94155.8939
1742342400,94167.6392,94824.4309,91374.989,91864.0719
1742356800,91877.8329,93808.5321,91545.1815,92165.084
1742371200,92143.4112,93496.7302,92102.5675,93021.5662
1742385600,93024.081,95165.8253,92791.1731,94929.5483
1742400000,94935.4421,95283.9617,93622.3289,94773.3973
1742414400,94763.563,95920.9298,94001.0267,94886.8859
1742428800,94899.3813,97305.531,94726.3594,96984.277
1742443200,96975.9594,99646.9215,96825.3818,99087.3103
1742457600,99054.0115,100479.5963,98692.9497,99678.1563
1742472000,99673.3621,100395.8652,96927.5825,97208.7112
1742486400,97250.3471,97781.3697,94874.4421,94898.0638
1742500800,94917.8332,96680.6201,94831.6241,95044.4406
1742515200,95016.705,95152.9503,91895.759,92788.805
1742529600,92784.9077,93572.4771,91816.4553,92098.4683
1742544000,92086.3248,93133.6632,91008.4219,92480.2628
1742558400,92467.2555,94193.9565,92054.573,92762.5885
1742572800,92782.1532,93133.428,90531.3776,91450.9041
1742587200,91448.3244,92502.3538,90509.5022,92338.2726
1742601600,92312.0766,94909.4976,92245.2112,94233.5202
1742616000,94227.4436,94761.0446,92762.4068,93671.295
1742630400,93720.7279,96257.7777,92571.6797,94640.0783
1742644800,94656.3462,97087.7002,94417.6892,97022.7246
1742659200,97030.1591,100981.1654,96927.7374,99925.6599
1742673600,99937.5953,101661.0258,99541.8964,99696.6267
1742688000,99719.466,100636.8057,97800.7211,100602.5152
1742702400,100572.1366,103868.443,100433.187,103568.4979
1742716800,103589.331,104241.222,101381.7006,102601.5748
1742731200,102554.8064,102867.9869,100933.9131,102745.4456
1742745600,102710.7029,103880.8679,101021.1762,103795.862
1742760000,103779.9394,106320.0978,103409.8837,105993.9791
1742774400,106028.2639,107726.9119,105628.1856,107394.4119
1742788800,107381.1851,108005.3978,105879.8421,107360.6626
1742803200,107365.0019,108156.8001,105530.3432,107665.0264
1742817600,107642.0877,108737.2954,105145.8783,105417.3629
1742832000,105436.9397,106732.4455,104854.1227,106234.2345
1742846400,106241.6754,107631.8106,105873.2293,107527.7401
1742860800,107539.5762,110464.3579,107225.0301,109207.7877
1742875200,109173.8909,111933.8536,107951.7409,111600.7801
1742889600,111645.5772,112378.0371,110536.5124,112089.3477
1742904000,112085.6859,115251.5563,111442.5736,114531.4377
1742918400,114527.0705,116952.9149,114020.487,116762.4683
1742932800,116731.2641,117038.3427,112145.0341,112215.0958
1742947200,112209.6647,113700.3738,112012.378,112072.9316
1742961600,112067.518,113947.5185,111996.6646,113942.4872
1742976000,113953.4178,114494.6379,111985.7873,112077.0955
1742990400,112065.9021,112876.9417,110451.9503,111971.7515
1743004800,111957.136,112461.8713,110791.264,111721.5537
1743019200,111709.6319,111862.923,109209.7729,110374.4941
1743033600,110354.8457,112069.3721,109681.7996,109877.9424
1743048000,109866.912,113016.6018,109866.912,111906.2223
1743062400,111912.3535,114230.6623,111073.226,112379.7859
1743076800,112369.8829,113808.5299,111609.386,111860.0048
1743091200,111895.2727,114695.1674,111639.3197,114055.519
1743105600,114075.4355,115094.9588,112680.2601,113000.5362
1743120000,112984.9647,113890.7534,111072.1678,111236.2628
1743134400,111250.8027,113289.8682,111182.162,112640.9729
1743148800,112663.0734,115151.3531,112132.243,113226.3741
1743163200,113194.3054,116322.3495,113155.9933,115505.1241
1743177600,115532.9055,117091.3367,113709.4135,117043.6272
1743192000,117046.2231,118440.7614,115261.8735,118366.7375
1743206400,118325.1954,120512.1863,118025.747,120460.4716
1743220800,120430.0519,121829.3854,118181.5972,118717.9385
1743235200,118729.3831,118731.8816,116784.9124,117660.79
1743249600,117667.7019,118601.2348,116104.6361,116781.3661
1743264000,116791.623,118070.0077,116209.4855,117885.4297
1743278400,117887.1924,118578.709,116394.078,117553.9276
1743292800,117574.096,118538.255,114938.2102,116367.4443
1743307200,116388.9663,117435.4107,114871.5867,116685.4526
1743321600,116679.4041,118026.5357,115896.1258,117806.2544
1743336000,117814.0551,119434.8171,117189.652,118655.9799
1743350400,118676.506,119962.2116,117386.2435,119745.8518
1743364800,119719.0948,124522.6532,119611.0484,123616.7229
1743379200,123650.2578,124852.2638,121869.8228,121975.8769
1743393600,121991.3291,122923.2137,119731.8596,121192.8156
1743408000,121211.1741,123393.352,121056.0031,121851.727
1743422400,121872.0656,122292.7685,117715.7318,118564.3914
1743436800,118571.039,120361.3997,117696.1244,118574.6604
1743451200,118606.0783,120947.7897,118275.015,118509.285
1743465600,118514.2224,119801.9932,117706.8792,117981.4163
1743480000,118004.0362,118854.5568,116479.821,116984.7319
1743494400,117016.0914,117016.0914,117016.0914,117016.0914
1743508800,116237.4665,118832.191,115806.9477,117303.6411
1743523200,117286.1386,119565.9821,116941.8272,119116.1266
1743537600,119115.4141,122331.4677,119020.3418,119329.6722
1743552000,119299.2787,123905.1728,118801.3762,123547.0929
1743566400,123523.3452,126407.4859,122834.5086,126224.9739
1743580800,126257.1502,126520.8016,122136.9096,122196.5082
1743595200,122200.407,125434.9126,122145.2849,124511.9607
1743609600,124500.433,126595.7927,123518.0083,126466.1379
1743624000,126428.1534,127862.6016,125513.6927,127230.8268
1743638400,127266.9498,127927.6544,125517.2451,126065.928
1743652800,126006.5061,127311.6865,124808.7705,125054.4105
1743667200,125078.009,125078.2605,119426.12,120418.638
1743681600,120368.081,124598.8235,120323.736,124245.446
1743696000,124251.7697,124456.1308,121770.1678,121890.315
1743710400,121875.6262,122803.1503,120783.8122,122511.1075
1743724800,122506.8902,122561.2368,119553.3347,119750.4136
1743739200,119745.6874,120377.4057,118147.1442,118403.1551
1743753600,118379.5348,119251.2711,115722.3004,116640.2183
1743768000,116661.1944,119399.7142,116531.5093,117260.3437
1743782400,117270.5693,120080.6112,115770.6925,116285.9695
1743796800,116291.281,117265.7569,114666.9899,115858.1963
1743811200,115853.9904,116302.4336,112907.6626,113015.3812
1743825600,113016.9328,113023.0201,109278.7661,109841.2247
1743840000,109834.9533,111346.7985,108139.0555,110616.2258
1743854400,110639.6528,114535.3898,110290.2406,112788.3905
1743868800,112765.5908,114267.3801,111009.7401,111554.5859
1743883200,111573.3447,113646.4942,111372.4964,113360.7736
1743897600,113357.5753,114102.2718,111579.5822,113491.9324
1743912000,113468.4819,116319.8908,113216.6214,115327.3234
1743926400,115369.3507,117038.2078,113716.8509,116649.2553
1743940800,116636.8732,117663.901,116054.0646,116489.7669
1743955200,116504.5216,117170.9324,114539.7547,116426.4291
1743969600,116413.4223,117026.5326,114778.1544,116556.5974
1743984000,116582.5178,118300.6608,114483.8749,114947.6337
1743998400,114934.2536,118745.2511,114930.6219,118096.6532
1744012800,118128.7208,119314.2015,116451.1621,117968.1851
1744027200,118008.9989,118031.5135,113884.489,114218.1979
1744041600,114193.6298,116034.2446,113287.042,115437.7377
1744056000,115469.0556,116441.98,114318.5923,116394.7391
1744070400,116416.7898,118254.8693,115180.2118,117338.6695
1744084800,117340.1594,118333.848,115687.1109,117960.6444
1744099200,117969.9444,122322.806,117645.8365,121809.1847
1744113600,121836.4585,124023.91,121790.138,123547.2298
1744128000,123531.9592,127431.7573,121950.995,126194.9793
1744142400,126203.92,127108.8404,124679.394,125209.1529
1744156800,125245.4249,128209.7018,125245.4249,126379.6963
1744171200,126373.1118,127663.4812,123995.0411,127225.062
1744185600,127244.7974,128203.0271,125649.0687,125847.3475
1744200000,125834.2073,128201.0727,125130.6802,127803.9972
1744214400,127808.1371,131484.2485,127261.0622,128002.9244
1744228800,127979.9745,129963.017,125030.3542,125401.58
1744243200,125417.068,125836.0208,122348.9633,122406.807
1744257600,122396.3818,124178.9851,121234.8761,124178.9851
1744272000,124120.6653,124552.9113,120569.9443,121267.6952
1744286400,121261.0753,121682.3206,119496.8269,120833.6447
1744300800,120811.1045,122126.5695,119137.4874,119695.5304
1744315200,119690.54,122832.058,118606.4854,121932.7819
1744329600,121882.3367,122248.7211,119192.8306,121490.9928
1744344000,121525.5343,122943.5543,119941.5836,120659.0575
1744358400,120636.8396,122360.3682,119432.7442,119817.1495
1744372800,119818.9931,120296.0492,116979.7222,119760.5341
1744387200,119753.3079,120283.599,118146.601,119179.8069
1744401600,119165.1657,121383.9653,119093.5552,120117.8928
1744416000,120111.2986,120844.2643,118591.2385,120644.1878
1744430400,120662.4755,123622.0411,120459.6243,122569.7879
1744444800,122574.4289,123740.1402,121147.9216,121535.4911
1744459200,121523.7644,122317.3195,119692.4153,119712.1208
1744473600,119723.0536,119748.8631,117128.2934,118216.2942
1744488000,118209.5029,119360.7781,116774.6017,117903.5984
1744502400,117877.1979,119357.9705,117385.8863,118876.7965
1744516800,118855.3198,120575.3643,118199.2263,120032.0979
1744531200,120009.7304,121496.0443,117835.151,119350.7121
1744545600,119379.2635,121031.8627,118403.6425,120776.2823
1744560000,120817.2942,126371.8717,120409.5544,125991.2831
1744574400,125956.413,127978.1591,125299.7335,126832.2776
1744588800,126867.6632,130188.6007,126650.3788,128961.3977
1744603200,128985.6583,130470.5274,127857.736,129130.6875
1744617600,129135.3161,131281.9134,128083.8028,130489.3611
1744632000,130522.097,135302.2901,130015.6269,133432.1947
1744646400,133415.8057,134265.0104,130076.3216,130156.4457
1744660800,130135.2515,132123.9139,129737.0932,130242.4355
1744675200,130233.6564,134819.7762,130233.6564,132346.5959
1744689600,132360.4028,135097.9268,131627.5637,135009.073
1744704000,135013.2726,136032.0489,133616.0988,135444.0515
1744718400,135414.6793,135455.6449,132436.0544,133229.7395
1744732800,133257.5456,134062.7991,130787.086,130996.0648
1744747200,131021.7129,134426.7847,130293.5754,133031.9074
1744761600,133029.5902,133908.6911,130059.7495,130550.5718
1744776000,130557.8146,131415.2995,128849.5699,129154.5911
1744790400,129147.821,132122.2334,128368.5577,130741.9308
1744804800,130725.1586,132133.4065,129649.4191,130040.6014
1744819200,130081.5958,131839.6686,129903.6729,130481.7006
1744833600,130474.7807,130641.1272,125664.2126,126170.0226
1744848000,126153.8904,129759.305,125111.2713,128737.9281
1744862400,128726.6664,130320.4622,127943.9593,129308.9969
1744876800,129328.0409,129746.1863,126456.1074,128941.9296
1744891200,128910.015,131638.6137,128743.4254,130420.152
1744905600,130395.7469,131821.5044,129590.2514,131646.1332
1744920000,131613.953,132245.4992,130348.8113,131812.5816
1744934400,131824.6043,132144.7522,127422.599,127634.4346
1744948800,127643.1422,128644.0708,124924.845,126182.9323
1744963200,126176.9132,130614.836,126047.2127,129709.9829
1744977600,129740.1227,131496.0773,129220.2337,131062.8195
1744992000,131021.9002,134130.2261,130862.8529,133173.8846
1745006400,133165.3247,133245.0238,129834.7542,129878.1131
1745020800,129889.388,130756.662,126111.8197,126661.547
1745035200,126638.2744,129147.0913,125797.4708,129021.9441
1745049600,129024.2521,130186.7115,126126.0419,127546.2919
1745064000,127532.0436,127560.2735,124449.2135,124658.9668
1745078400,124641.1364,127585.2926,124097.8542,125877.0915
1745092800,125852.5066,129694.7678,125852.5066,128901.9082
1745107200,128915.7346,131075.5483,128040.4527,129580.9676
1745121600,129596.4633,130383.83,128664.0531,129217.8971
1745136000,129259.521,131497.4717,128650.8697,129157.1491
1745150400,129156.2176,132075.9705,128650.5554,130677.9528
1745164800,130663.99,131978.3671,129544.0361,129896.6929
1745179200,129934.9844,131462.4643,128680.8969,129336.6769
1745193600,129340.8902,132839.7959,129094.7075,131619.0645
1745208000,131635.908,132447.8818,130690.5776,131633.0253
1745222400,131647.1441,133101.1479,130877.2757,132578.6126
1745236800,132650.3233,136858.789,132018.5584,136602.549
1745251200,136667.2698,137515.1194,130610.5523,131162.2126
1745265600,131161.3734,133098.4014,130496.0735,132836.5803
1745280000,132854.8137,134940.4638,132457.2386,134891.4562
1745294400,134907.2988,137537.3126,134358.6313,136880.891
1745308800,136871.6327,137277.3636,133845.1432,136208.7126
1745323200,136225.7488,140446.8346,136201.8023,137516.8954
1745337600,137497.0437,139602.2002,137139.9934,138662.7427
1745352000,138687.8623,140868.5735,137708.667,139733.9955
1745366400,139782.0785,141107.7771,137199.1099,137910.0316
1745380800,137912.7258,138793.0424,135747.9835,138626.3024
1745395200,138666.5751,139086.567,136715.3397,138226.6723
1745409600,138244.0177,138991.4703,136957.7746,137855.5348
1745424000,137898.8072,139141.2071,136081.5841,137166.3751
1745438400,137146.974,138843.1197,136256.0961,136809.8018
1745452800,136783.1833,137199.7981,135003.8794,135427.0809
1745467200,135460.1572,135485.2169,131471.3818,131916.4691
1745481600,131927.693,132686.8724,126182.8344,126368.9869
1745496000,126379.3748,126672.8179,122796.2899,122939.4873
1745510400,122950.7495,125688.4563,122741.4253,124938.3374
1745524800,124900.6023,125493.1681,121661.0164,125366.8616
1745539200,125378.7264,126354.5619,120574.452,120730.4913
1745553600,120721.9983,122509.532,120120.64,121823.9343
1745568000,121856.2419,127555.1877,120668.5996,127256.2893
1745582400,127271.9025,130028.9674,126777.3849,130028.9674
1745596800,130001.5897,131824.6602,129856.2071,131234.7018
1745611200,131205.3888,131392.6375,128223.4565,129539.0504
1745625600,129525.8455,131494.5279,126909.1765,127191.8133
1745640000,127144.7258,128256.69,125081.8486,125972.2902
1745654400,125988.3852,127134.2328,124136.0303,126711.7591
1745668800,126702.1513,126735.6523,123651.3306,124735.4915
1745683200,124758.1032,124991.4103,120599.1843,121082.5212
1745697600,121105.0877,121924.2043,117720.4268,117893.7
1745712000,117865.6054,119687.9401,117674.9793,118751.9152
1745726400,118770.5607,120728.0781,117838.0375,120203.7877
1745740800,120192.6793,121563.8233,119288.6712,120747.3129
1745755200,120761.4604,121892.5608,119816.8875,120749.4918
1745769600,120747.3013,122776.2532,120277.4155,120635.5233
1745784000,120653.7077,124714.5431,120621.9012,123369.8673
1745798400,123351.4091,123558.6559,121082.8658,122887.8098
1745812800,122899.2575,123643.4449,121474.3857,122392.2649
1745827200,122393.9779,123445.632,120622.5419,123288.1692
1745841600,123272.9442,124248.8973,121559.6186,123775.2537
1745856000,123772.3463,125162.0086,123204.493,124296.1364
1745870400,124331.9494,124664.2331,120790.2399,121575.0993
1745884800,121600.8621,124400.4433,120401.9302,123908.0968
1745899200,123916.3516,124784.5238,122938.1397,123589.6673
1745913600,123632.1391,123755.715,119388.3632,119392.4034
1745928000,119370.6072,121487.0465,118328.2893,120756.4538
1745942400,120772.3286,120809.0723,117446.698,117825.319
1745956800,117831.8947,120133.4911,117806.4136,118881.403
1745971200,118899.1104,119143.6026,116246.1221,118147.9221
1745985600,118150.7885,122171.1372,117269.2658,120450.4805
1746000000,120432.2768,120684.4303,117717.9267,118524.2126
1746014400,118529.8344,119910.0726,117375.549,118437.525
1746028800,118433.1823,120514.1802,118076.5051,119895.6063
1746043200,119889.3359,119990.7563,116406.9396,117625.1494
1746057600,117642.5154,119073.8009,116243.0706,117429.5711
1746072000,117376.0238,117378.7885,115003.9763,115556.0749
1746086400,115551.1265,116497.6093,112269.203,112959.4783
1746100800,112975.9101,112975.9101,112975.9101,112975.9101
1746115200,109814.0202,110831.5381,109202.152,110441.7812
1746129600,110447.3769,112549.5589,109809.5165,112532.4482
1746144000,112534.063,113855.7062,111052.8607,111641.4355
1746158400,111636.6398,113311.4346,110100.9892,110260.1572
1746172800,110288.5926,113998.1952,109592.1629,112763.4466
1746187200,112751.7383,113864.7391,111609.3444,111848.0758
1746201600,111828.7999,113231.675,110442.1194,112660.6983
1746216000,112653.831,114007.2898,111338.9762,111881.3974
1746230400,111863.0276,112221.1166,110144.1376,110266.3291
1746244800,110302.1657,111817.7268,110089.0862,110996.8329
1746259200,110991.1477,111435.1122,108763.6569,110271.7414
1746273600,110231.8176,114517.8434,109985.4035,114047.3816
1746288000,114028.3857,116944.8348,113553.8949,116634.8221
1746302400,116616.6082,119372.1598,116189.9642,119371.0202
1746316800,119364.088,120523.9367,117556.2627,118420.0805
1746331200,118410.3756,119424.5989,116162.4484,118591.33
1746345600,118588.5626,121220.5567,117831.0216,120915.9844
1746360000,120914.348,123211.4327,119944.5143,122424.5055
1746374400,122444.5894,122521.2501,118451.3853,118600.5481
1746388800,118601.2033,118704.0724,115804.2969,116251.1411
1746403200,116232.9186,118746.143,115918.0285,117193.4999
1746417600,117173.4243,117622.0195,115618.7587,116382.7314
1746432000,116382.1998,116975.1113,112626.8147,113188.152
1746446400,113190.0459,114309.718,111510.0007,113917.5078
1746460800,113906.3248,116158.089,113493.8207,115704.3013
1746475200,115707.1081,115947.7946,114134.0436,115107.2348
1746489600,115054.02,115355.3701,113352.9806,113718.0512
1746504000,113726.7885,114455.1503,111438.9333,111770.868
1746518400,111801.6599,112587.6657,110656.6625,111706.8786
1746532800,111690.1356,111755.4259,108986.1794,110501.757
1746547200,110489.8294,113076.9635,110469.6895,112359.8178
1746561600,112365.3855,114109.2419,111441.0015,111993.5182
1746576000,111969.1574,112994.9555,109933.4721,111013.4902
1746590400,111047.5433,112561.7469,109632.1125,110180.7685
1746604800,110147.7845,110432.5539,109135.0046,109635.6922
1746619200,109629.0715,110362.7663,108013.8292,108298.5042
1746633600,108267.8109,109130.879,107109.5123,108239.47
1746648000,108221.2036,109010.793,107375.7801,108831.9197
1746662400,108858.3398,110943.7691,108437.6724,109412.3857
1746676800,109424.6077,110190.8839,107879.3426,109699.3356
1746691200,109689.3991,111320.1692,109054.4358,110887.1546
1746705600,110913.958,111014.9861,108054.6262,108797.9897
1746720000,108776.235,109113.9589,104311.6526,104327.9057
1746734400,104358.9269,105803.4117,102425.2523,105726.3454
1746748800,105703.7935,105787.0279,104150.553,105348.1979
1746763200,105380.8994,105929.3852,104392.5156,104935.8514
1746777600,104918.7719,107360.7493,104723.7348,106901.913
1746792000,106901.4564,107512.1744,105758.6643,107458.1311
1746806400,107451.8177,107597.7935,103831.6783,104585.9582
1746820800,104567.6112,106529.941,104368.4462,106259.0912
1746835200,106233.2541,108254.2463,105763.9096,107689.0577
1746849600,107641.5708,109333.7269,107396.7603,108229.5112
1746864000,108236.6543,108622.0049,106405.3687,106707.1161
1746878400,106717.8142,109591.2657,106257.0239,107470.3699
1746892800,107498.6366,112809.8039,107498.6366,109993.1729
1746907200,109972.0621,110776.643,108399.08,108414.2244
1746921600,108378.4374,110394.7593,107898.4952,109755.748
1746936000,109783.5399,113123.272,108946.2294,113093.1748
1746950400,113062.6848,113400.6671,110641.0238,111207.4282
1746964800,111232.2134,115517.3879,111074.5851,113966.1564
1746979200,113955.9886,115175.0111,112729.6284,113235.4452
1746993600,113211.6286,114050.8456,110507.6388,111992.7399
1747008000,111983.5085,112060.9258,109352.0361,109375.243
1747022400,109347.5196,109664.4624,106853.1588,108469.3048
1747036800,108468.3649,110989.2507,107354.8986,110763.2811
1747051200,110768.6283,111445.9815,109511.5787,109891.6509
1747065600,109891.208,110390.6263,104388.6955,104733.1846
1747080000,104769.3264,104963.3063,102981.4652,104061.987
1747094400,104086.5183,106215.5768,102897.4066,106111.188
1747108800,106112.0458,106365.6729,103111.2783,104941.8085
1747123200,104964.0212,108350.0454,104534.8139,107791.4377
1747137600,107781.9345,109417.142,106653.5543,109379.9568
1747152000,109395.6979,111101.8113,109001.0528,111068.7789
1747166400,111083.1524,111311.2168,108576.4672,109632.3599
1747180800,109633.612,111312.4994,108615.8952,109851.4115
1747195200,109836.4993,111388.3462,109201.0614,110068.716
1747209600,110025.6573,112041.433,109447.0761,111893.4531
1747224000,111883.621,112175.498,108441.3942,109582.2281
1747238400,109564.1375,110431.1402,108518.5576,109812.1
1747252800,109763.44,110636.6198,108039.6268,110522.6099
1747267200,110517.2438,110641.9775,107291.7466,108027.1014
1747281600,108068.4699,108114.1468,105715.7522,106174.0018
1747296000,106186.0099,107218.4894,105352.2014,105803.5493
1747310400,105804.5997,106882.7529,103630.1793,103852.8287
1747324800,103819.0289,104110.6368,101600.0437,102317.9278
1747339200,102333.481,102366.0113,100629.2724,100902.6392
1747353600,100906.4884,102984.1511,100578.5328,100707.7684
1747368000,100694.272,102413.3562,100524.5699,101565.4159
1747382400,101587.8797,101792.3127,98980.6669,99424.2533
1747396800,99425.9708,102788.5595,99234.0721,102279.0182
1747411200,102273.6238,102938.5531,100888.3297,102901.1652
1747425600,102903.2716,103566.8889,100064.3369,101612.0826
1747440000,101593.2401,103957.0834,100975.1233,102204.0859
1747454400,102184.2915,103089.0086,100137.9374,100695.6151
1747468800,100693.0926,102561.8468,100347.7586,100404.4994
1747483200,100417.8942,100494.4608,98021.1706,98188.5041
1747497600,98179.9988,100340.5241,98169.0023,99313.2337
1747512000,99310.0171,100225.7977,96851.5874,97586.4042
1747526400,97589.4478,98462.1159,96946.5579,97104.9444
1747540800,97072.1748,97139.518,95254.6593,95741.6042
1747555200,95714.5034,96269.4962,94794.0637,95517.3926
1747569600,95523.5475,96410.6748,94113.721,95283.6501
1747584000,95268.7715,95302.6655,92353.7779,92461.6395
1747598400,92436.9993,92921.812,91092.922,92921.812
1747612800,92939.2733,93277.8937,91028.0049,91893.1369
1747627200,91902.7095,92911.9103,91038.8802,91076.4585
1747641600,91079.4901,91433.2514,89816.8187,89863.5958
1747656000,89853.1668,93610.2356,89693.8564,93499.5481
1747670400,93528.2171,94062.9682,92073.9322,93006.9425
1747684800,93034.2573,93666.7835,91861.121,92734.4227
1747699200,92707.699,96355.0135,92181.9708,95225.5385
1747713600,95234.248,96719.4172,93257.7647,95843.2476
1747728000,95835.8671,96341.8079,94411.5561,95083.8679
1747742400,95092.8891,97034.4929,94727.6759,96154.3916
1747756800,96167.9652,97156.3851,95133.8116,96169.6513
1747771200,96197.5406,98528.063,96003.8038,97773.7398
1747785600,97756.8009,98983.279,97499.693,98911.8433
1747800000,98913.382,101969.897,98696.8485,101608.9956
1747814400,101573.1596,102837.6256,100157.8099,101308.0874
1747828800,101329.2605,101891.5928,100504.3554,101109.9659
1747843200,101112.8365,102103.0196,100498.1792,101868.5081
1747857600,101906.0311,102867.0448,101362.1346,102314.3572
1747872000,102308.2699,103527.7722,100419.355,100576.1856
1747886400,100569.1984,100835.2803,99087.4813,100584.5905
1747900800,100556.7519,102904.1236,98732.9445,102738.59
1747915200,102742.276,103583.7891,101339.8896,101339.8896
1747929600,101348.6932,102244.0005,100581.7856,101995.329
1747944000,101985.5911,102081.3897,96885.4214,98210.3738
1747958400,98187.7009,98268.9757,96278.1552,97196.4789
1747972800,97182.4445,98602.5791,96612.0666,97789.7507
1747987200,97779.3852,97945.1397,93125.4165,94342.9976
1748001600,94353.9248,95718.6121,93936.9641,95343.8287
1748016000,95357.1829,95750.1551,92441.3164,92842.3207
1748030400,92807.8341,94739.1222,92698.3378,93662.514
1748044800,93661.2107,95687.1207,92895.8749,95303.276
1748059200,95267.9767,97013.406,94177.1551,96028.9976
1748073600,96041.4612,99643.1968,95955.2566,99029.8818
1748088000,99021.9942,99525.4488,97623.8006,99288.9301
1748102400,99283.0334,100044.4114,98676.2823,99119.8648
1748116800,99116.3556,102121.3156,98745.1437,100710.9536
1748131200,100683.166,101686.7758,98796.9978,99540.2448
1748145600,99559.0721,99809.8632,98395.2826,99138.3876
1748160000,99126.977,99438.3893,96646.018,97513.7135
1748174400,97520.0724,97762.9815,95132.9869,96717.7605
1748188800,96750.5733,97889.6435,95917.5693,97553.292
1748203200,97549.2166,99982.9789,97511.9138,99733.6157
1748217600,99749.1808,101594.7462,99177.115,100468.1105
1748232000,100459.4579,101163.6886,98364.6291,99538.6964
1748246400,99523.193,99591.2092,96521.1017,99482.5505
1748260800,99481.6363,100017.7241,96884.6489,97424.8577
1748275200,97407.3134,100340.1219,97202.2616,100335.6564
1748289600,100332.4655,101170.6506,99480.8983,100021.2438
1748304000,100012.7003,101203.7418,99350.4,100787.3276
1748318400,100781.7355,103504.7082,100672.9005,103009.5468
1748332800,102985.2292,104621.7993,102652.1253,104554.7918
1748347200,104561.7728,106363.2791,104350.879,106347.0065
1748361600,106358.8537,108057.5751,106005.688,107336.4122
1748376000,107311.4709,107826.9063,104973.1398,106093.6072
1748390400,106079.2561,107141.9379,104922.7236,105440.1111
1748404800,105435.6654,105812.7382,104212.0981,105336.0638
1748419200,105332.9957,105975.4827,103200.2993,104200.5293
1748433600,104193.4587,105829.431,103545.152,104448.6278
1748448000,104456.2459,104532.346,101141.0168,102405.6851
1748462400,102408.2162,104935.2552,101765.8692,104849.6115
1748476800,104815.3115,104837.9991,102374.6212,104613.4372
1748491200,104604.6537,105728.0821,103470.5749,105348.1149
1748505600,105341.4469,106141.454,103320.3072,103557.7765
1748520000,103587.0542,105826.7871,102187.0553,102779.894
1748534400,102774.5661,103317.6443,101359.9122,101957.8258
1748548800,102001.8242,103386.0812,100838.1348,103257.8872
1748563200,103258.0331,105653.8032,102852.3697,104773.5025
1748577600,104732.8641,107566.3703,103855.8016,107287.8163
1748592000,107294.9222,111113.4035,107226.2529,110974.774
1748606400,110941.3202,112485.2732,110178.799,111268.1285
1748620800,111298.7613,113640.9261,110943.7458,111745.7437
1748635200,111773.6445,112368.9631,109789.2012,112302.265
1748649600,112282.9097,114298.7706,110386.2368,112883.4194
1748664000,112864.5649,115599.5367,112479.5931,115380.3083
1748678400,115380.2993,116076.4791,114346.011,115510.0987
1748692800,115489.7357,117932.1799,114558.6669,116217.0087
1748707200,116199.3147,116199.3147,116199.3147,116199.3147
1748721600,114819.4591,116306.4268,114291.9491,114842.2941
1748736000,114854.5779,115037.4639,110048.9585,110162.1547
1748750400,110156.845,112157.85,109531.446,111127.4487
1748764800,111144.7455,112097.2369,109745.9651,112027.7247
1748779200,112053.4061,113067.9439,110902.1357,111561.8703
1748793600,111552.2311,112918.9029,110580.7315,111889.2583
1748808000,111888.0291,112035.5784,109658.5504,111341.482
1748822400,111360.4671,112157.6011,109629.3042,112139.6556
1748836800,112106.2378,113821.3936,111818.4028,112223.4015
1748851200,112228.5537,112455.1043,109173.3055,109253.653
1748865600,109262.8348,109975.0003,106552.6288,106933.4821
1748880000,106933.4045,107357.6582,103956.3865,106734.6981
1748894400,106721.3091,106853.1138,104284.2503,105477.988
1748908800,105460.2956,106173.5868,103927.0232,104705.5421
1748923200,104737.2809,105977.7602,102903.0947,103597.4397
1748937600,103619.9556,103908.8196,101840.3757,102300.1097
1748952000,102281.0744,104684.9043,100783.9156,100999.9535
1748966400,101001.1069,101223.5995,98844.0511,100200.8368
1748980800,100212.6238,100212.6238,97781.6428,97781.6428
1748995200,97776.0648,98765.2872,96791.1648,96888.6273
1749009600,96894.157,97700.4836,96310.2998,97456.9633
1749024000,97479.5038,97829.8137,95914.3193,96765.2172
1749038400,96753.9206,96993.4032,93596.1181,93682.5143
1749052800,93681.4253,94990.3348,93186.04,94868.7831
1749067200,94868.4166,94883.408,92148.6429,93432.2125
1749081600,93409.9645,93847.4085,92232.4654,92384.6334
1749096000,92384.9678,95706.1638,92343.0583,95032.0584
1749110400,95050.0116,96543.2152,94668.3301,95936.2968
1749124800,95934.9707,96489.5957,94738.7418,95008.8801
1749139200,94995.5214,98566.2796,94328.1289,97742.8122
1749153600,97735.8095,99254.3766,96732.1888,99129.7614
1749168000,99131.6654,100279.4015,97830.2659,98577.1779
1749182400,98594.7998,99458.9931,96919.9847,97229.0953
1749196800,97221.2999,98188.4831,96360.8419,98054.1775
1749211200,98044.23,99126.7002,96756.6933,98515.4501
1749225600,98527.0348,99929.4818,97676.1266,99314.1594
1749240000,99315.5736,99581.3108,95030.9792,95365.7019
1749254400,95361.047,96878.8859,95313.5354,96273.8218
1749268800,96270.8969,97333.0986,95221.2592,96643.2117
1749283200,96638.7291,98731.6131,95921.5122,97512.9152
1749297600,97489.994,99792.7498,97368.1244,99281.3458
1749312000,99286.7788,99560.2941,97913.1528,99145.3656
1749326400,99154.8621,102141.0905,98686.5441,102113.5369
1749340800,102098.3379,103256.8104,101806.6674,102480.6887
1749355200,102455.5217,104336.2005,101970.8408,103054.753
1749369600,103058.8513,105659.769,102591.3122,105163.0935
1749384000,105190.1696,106311.1315,104375.7891,104965.8573
1749398400,104981.3042,106049.7923,103459.6344,104481.8877
1749412800,104459.7237,106606.2446,103817.4197,106407.5417
1749427200,106425.7046,108604.7089,106191.2455,106586.466
1749441600,106585.9823,107421.4174,102344.1446,102427.0957
1749456000,102420.7031,102944.8419,100804.3272,101036.304
1749470400,101022.2637,102108.5495,99373.7839,101932.3932
1749484800,101919.4667,103820.6161,101324.0361,103552.196
1749499200,103586.3723,105393.5864,102262.8467,105180.208
1749513600,105172.6974,108846.5081,104633.731,107512.0998
1749528000,107498.8192,108106.2483,104287.0714,104383.422
1749542400,104413.9799,104585.1736,101324.7205,101943.6029
1749556800,101937.239,102670.7958,100625.5138,101596.9157
1749571200,101623.204,105290.7684,101351.3957,104674.3775
1749585600,104677.0133,105163.4263,102400.4913,102769.3922
1749600000,102710.915,102866.4074,100861.7306,101161.7718
1749614400,101158.0737,102674.4508,99939.8663,102466.6856
1749628800,102473.6228,104739.5821,102464.6126,104406.7279
1749643200,104411.0668,106205.4328,104397.1659,105745.9685
1749657600,105720.141,106261.1439,103692.7751,104101.8686
1749672000,104138.1166,105117.2311,102899.335,104622.6474
1749686400,104580.6215,107566.0432,103957.8106,107227.9731
1749700800,107203.1308,107967.7309,104434.3739,104904.2436
1749715200,104877.7818,108328.9805,104706.291,107902.5203
1749729600,107873.6545,109426.9098,105891.3118,106054.2902
1749744000,106085.1078,106766.0246,103735.8196,104752.8728
1749758400,104733.4145,106557.0663,104177.2775,105567.7085
1749772800,105607.7801,105980.024,103477.5537,105609.1359
1749787200,105597.9354,108222.2639,104845.135,108017.7862
1749801600,108014.7113,108202.3125,106368.0298,106447.5071
1749816000,106465.1105,106723.8173,102969.6943,103622.6472
1749830400,103612.5846,103782.9436,99823.8911,99954.1101
1749844800,99969.8049,100996.7719,98961.4033,99640.9831
1749859200,99622.3111,103638.7254,99429.7381,102799.1803
1749873600,102814.0812,104376.1887,102537.8691,103231.2778
1749888000,103212.2657,105650.0591,102776.6709,104900.4819
1749902400,104925.0933,105536.9824,103721.9203,103940.4869
1749916800,103985.9987,104915.8654,102578.771,103329.5317
1749931200,103305.3548,103840.7009,101535.1072,102859.9058
1749945600,102895.7494,102909.5963,100338.148,101229.243
1749960000,101251.1223,102435.2203,100092.5728,102357.1879
1749974400,102372.3392,102977.0769,100914.9777,102549.6585
1749988800,102560.2795,103870.5881,101557.6852,102734.7668
1750003200,102744.3545,103077.8069,100437.9532,101456.1109
1750017600,101470.0804,102545.7382,100745.8094,102412.5798
1750032000,102422.7231,104093.2373,102092.2438,103936.1551
1750046400,103945.5718,104989.1829,103011.545,104344.8984
1750060800,104356.7975,106906.4428,104155.6281,106396.4063
1750075200,106416.6975,106663.5402,104099.692,104746.5228
1750089600,104730.9887,106045.7522,104281.491,105679.0844
1750104000,105681.8225,107739.7754,104965.5445,106418.5442
1750118400,106426.1121,108177.486,106351.6445,107238.3161
1750132800,107212.0779,108969.3008,106302.629,107819.2683
1750147200,107816.4639,109149.291,107194.0411,108403.9189
1750161600,108385.3023,110171.5706,107710.5833,108142.9347
1750176000,108167.5104,109385.4368,106646.3148,107064.4798
1750190400,107072.888,107770.3661,105369.2039,107170.0101
1750204800,107183.6692,108271.7169,105797.3577,106325.3853
1750219200,106334.3077,107495.1223,105156.1722,105451.794
1750233600,105455.8649,106027.5885,104180.7015,104968.8287
1750248000,104985.4056,105858.0247,102517.2295,102624.5028
1750262400,102656.8384,106011.7432,101667.2242,105897.455
1750276800,105917.6863,107547.3746,105833.3637,107472.7846
1750291200,107456.9963,108432.6115,106884.4972,107741.0115
1750305600,107728.4296,110254.356,106955.0927,109517.9119
1750320000,109513.3617,111001.5565,108274.9906,109778.8502
1750334400,109789.9849,111100.048,108552.7162,108572.4482
1750348800,108541.791,109867.0149,108204.5519,108490.6705
1750363200,108487.7007,109165.8962,106961.4369,108583.9833
1750377600,108577.82,111008.1677,108278.5302,109886.2703
1750392000,109866.3275,111419.1826,109497.9706,110931.8935
1750406400,110927.8406,111782.3202,108356.4236,109493.6095
1750420800,109472.6326,110746.6497,108063.3873,108338.0584
1750435200,108350.8707,109561.989,106910.7688,107721.9937
1750449600,107684.5066,109581.5253,107205.9758,109302.5605
1750464000,109285.2,111052.8636,108921.912,109888.9092
1750478400,109876.7069,110811.5742,107911.4993,108531.9573
1750492800,108518.2848,109593.7753,107545.0029,107566.6924
1750507200,107538.6103,109041.9492,105957.0761,108739.482
1750521600,108736.147,109794.5609,107572.8941,108019.6639
1750536000,107993.9112,108693.593,106182.0958,108167.3551
1750550400,108159.5264,108457.4841,105308.3896,107575.1699
1750564800,107551.0192,109568.7836,106772.3511,107199.0147
1750579200,107217.7359,108340.4131,106175.582,108183.2432
1750593600,108165.4001,110349.3384,107927.8614,109937.7814
1750608000,109939.347,113217.4152,109679.5679,112641.653
1750622400,112621.7945,114112.385,112054.4138,113089.6303
1750636800,113118.0972,114515.1253,111963.9796,113026.6574
1750651200,113033.5522,113037.6298,109421.1224,109747.6376
1750665600,109743.4675,112229.8623,109212.3037,111879.2521
1750680000,111901.8529,113151.7158,110885.7932,110977.5994
1750694400,110960.4256,111151.1764,108806.9756,110250.2432
1750708800,110272.0297,110552.1982,108659.1683,108952.8461
1750723200,108959.9583,111085.8458,108915.6956,110217.0208
1750737600,110204.1694,110222.8292,107654.6573,108367.199
1750752000,108392.7604,109057.1767,105964.8381,108344.4401
1750766400,108321.3066,108857.6359,106547.2499,107188.3622
1750780800,107190.5197,108051.7467,105059.7969,105297.0136
1750795200,105360.2691,106326.4077,103276.2922,103987.2829
1750809600,103979.401,104065.7325,100679.935,100833.1003
1750824000,100829.5121,103566.414,100603.2341,102036.7695
1750838400,102045.6947,103312.4002,100834.7487,101460.0018
1750852800,101437.8125,101807.6928,99407.2885,101261.4278
1750867200,101257.9696,102705.228,100394.6916,102467.2994
1750881600,102474.5425,102929.3068,100649.9625,100889.9849
1750896000,100857.2879,103538.8471,100784.208,102409.3801
1750910400,102373.2916,103352.1978,100974.8464,101433.0598
1750924800,101461.8623,103380.3855,100274.7851,103329.9764
1750939200,103362.5819,104433.1229,102387.9173,103391.8278
1750953600,103400.4135,103796.8342,99949.2108,100306.468
1750968000,100296.5882,101617.9827,99090.7393,101056.6538
1750982400,101046.1504,101550.7612,98942.2746,99646.7867
1750996800,99677.1167,99822.3284,97451.6631,99002.9787
1751011200,99007.0458,99219.5986,96528.273,96979.6957
1751025600,97013.7566,97591.3862,95147.1446,95552.6015
1751040000,95529.0853,97028.781,95267.2735,96333.7412
1751054400,96317.6858,96354.5174,92912.3383,93818.8231
1751068800,93821.2953,94605.6311,93330.7761,93865.1361
1751083200,93849.7635,97034.3264,92991.5439,95905.0623
1751097600,95874.3523,98023.7389,95395.9204,96812.031
1751112000,96804.7158,97466.5339,95421.5164,95882.3653
1751126400,95874.6681,96410.2948,95242.6341,96084.8616
1751140800,96039.4545,96520.9216,93213.2259,93850.9554
1751155200,93859.5698,94323.6428,92711.3045,93685.831
1751169600,93672.4258,95722.51,93092.3795,94943.6416
1751184000,94974.8555,95980.6088,93405.2878,94449.0941
1751198400,94465.2092,96446.4153,93986.1627,95740.7136
1751212800,95727.2259,95846.3647,93753.3675,94359.0801
1751227200,94318.8124,97623.7384,93974.2449,97395.047
1751241600,97439.404,99695.3194,97297.4545,99623.336
1751256000,99624.407,101302.6561,99223.6917,99610.5057
1751270400,99607.5215,101199.5868,98947.0638,100019.9855
1751284800,100034.5514,101118.6507,99493.732,99959.2884
1751299200,99985.8966,101556.813,99940.2045,101316.7792
1751313600,101329.1149,101329.1149,101329.1149,101329.1149
1751328000,101653.8179,103144.6158,100663.6072,101528.5624
1751342400,101555.7169,102139.1568,99098.6813,100177.4962
1751356800,100179.6188,103167.7747,100017.0037,103156.0419
1751371200,103121.284,103544.2634,99353.7775,100303.8934
1751385600,100349.248,102495.1232,99393.7604,101478.0163
1751400000,101467.4482,102073.4373,99957.9884,100521.8795
1751414400,100498.7978,100784.3396,98464.4064,98957.9251
1751428800,98951.2755,100202.047,98306.5338,99980.5854
1751443200,99969.0807,101283.9287,99151.0616,100638.7444
1751457600,100649.0982,101293.4437,97031.7139,97224.7553
1751472000,97235.6516,98769.3374,97038.7178,97188.4056
1751486400,97171.0882,98383.0988,96188.6996,97865.1
1751500800,97870.4845,100021.9853,97853.94,99862.7929
1751515200,99864.7734,101497.8966,99205.7389,101468.0923
1751529600,101455.1747,104393.9338,101353.6369,103994.4704
1751544000,104014.0673,105280.7789,103849.1551,104744.9356
1751558400,104714.4588,107138.4281,104646.4039,106827.9854
1751572800,106836.6186,109587.5239,105274.9886,109466.7095
1751587200,109524.8821,109643.7176,107164.2257,108565.5183
1751601600,108519.66,108870.7002,106067.1703,107109.7513
1751616000,107132.7721,108298.512,106476.2461,106980.0213
1751630400,106997.8878,107418.0684,103978.2599,104830.558
1751644800,104801.8586,106761.2593,104647.2803,105384.5356
1751659200,105362.8699,105725.5792,103782.2638,104554.0133
1751673600,104545.891,106053.1601,104334.2495,105261.4135
1751688000,105230.8752,105637.2279,103628.3618,104488.5641
1751702400,104488.8245,105275.7275,103086.2617,103089.8692
1751716800,103060.5218,103060.5218,100032.5113,101044.5458
1751731200,101033.8009,103172.1633,101023.3236,101533.1189
1751745600,101529.106,104029.2507,101149.2267,103222.5618
1751760000,103255.0857,103958.1538,99242.9988,100529.6647
1751774400,100520.735,103008.7904,100427.3935,101593.6429
1751788800,101604.2425,102331.5241,100822.1859,100940.8697
1751803200,100935.8949,101552.5675,98533.9739,98907.2305
1751817600,98901.044,100876.2652,98330.2222,98884.5862
1751832000,98879.8372,100411.9545,98553.6589,100187.6698
1751846400,100198.6593,102651.2962,100026.6122,102044.0267
1751860800,102049.7253,102049.7253,100449.3117,101237.7809
1751875200,101276.7726,101780.0081,98830.1482,99407.0203
1751889600,99411.6563,101184.5863,99403.9569,100298.0006
1751904000,100313.6846,101832.8094,99309.8641,99653.9895
1751918400,99601.1407,99980.3443,97917.7064,99077.3373
1751932800,99089.655,101620.3346,98807.4847,99818.9227
1751947200,99767.8872,101911.2161,99191.4039,100813.3292
1751961600,100833.7595,102133.741,100204.2562,100281.9077
1751976000,100281.4762,100331.2217,98810.1466,100120.9865
1751990400,100123.7726,101176.2513,99442.7173,99458.8299
1752004800,99437.8778,99697.8246,97143.9043,97542.5066
1752019200,97563.3821,98354.3267,96371.1921,97583.0788
1752033600,97591.4234,97675.7002,95760.6253,95972.9922
1752048000,95951.7054,97934.641,95541.1763,97894.4907
1752062400,97868.6833,101754.4388,97721.561,101651.7292
1752076800,101670.7764,103306.6161,101481.5236,102078.1114
1752091200,102089.0192,106720.192,101509.6772,106151.2984
1752105600,106159.257,108606.51,105343.6875,108312.9293
1752120000,108312.5371,109516.3765,107918.9504,109343.5959
1752134400,109297.8199,111738.5281,108803.9927,109585.2232
1752148800,109593.1804,110694.2205,108215.1155,109788.9498
1752163200,109808.8723,109808.8723,104723.4128,105661.1365
1752177600,105675.2728,107578.3861,105212.5595,105918.5409
1752192000,105906.3445,107715.2494,105647.3464,105871.4667
1752206400,105877.2905,106571.7503,104974.2381,105829.1878
1752220800,105849.854,107061.0364,104869.3281,105631.5762
1752235200,105645.8115,107150.4927,104589.4722,105351.9177
1752249600,105362.6482,107917.3137,105126.3272,106704.1184
1752264000,106709.3699,107240.8979,104168.7344,104811.0728
1752278400,104793.0739,105124.8275,103539.8189,104699.419
1752292800,104723.8324,106710.5947,104277.4459,105841.0496
1752307200,105833.2064,108784.2112,105475.7644,108686.3881
1752321600,108671.8373,109403.4948,105458.1255,105795.8113
1752336000,105786.1094,106414.7938,103314.9351,104838.8485
1752350400,104815.1399,105168.5548,102690.5852,103113.2704
1752364800,103093.3372,104154.5712,102474.0095,103640.8242
1752379200,103646.4806,103860.0762,100374.3993,101222.205
1752393600,101251.3887,103978.2375,101144.493,103765.6282
1752408000,103751.6419,103772.1767,101761.5293,103302.841
1752422400,103287.3698,105124.3459,102593.2859,103023.5783
1752436800,103040.826,104198.6327,101834.1586,103271.7481
1752451200,103262.1563,104074.3728,102563.0071,103398.4874
1752465600,103379.267,104336.9637,102066.4832,102075.4655
1752480000,102084.7282,102808.8964,100328.1526,100661.1955
1752494400,100623.6808,101758.2837,99654.6112,100122.8117
1752508800,100140.5778,102400.5779,99957.3559,101522.4183
1752523200,101539.4282,101768.403,99144.3857,100028.325
1752537600,100017.3075,100924.6068,99184.9831,100776.9305
1752552000,100802.5997,102276.4515,99999.0058,100774.0306
1752566400,100755.3774,101071.2295,98927.2393,99329.4352
1752580800,99346.7248,102164.4462,98507.5835,101860.8949
1752595200,101869.947,103455.82,101059.6358,101628.9359
1752609600,101634.232,102953.3627,100493.0199,102673.2456
1752624000,102654.3398,103750.3927,100702.8471,101218.4043
1752638400,101246.7134,101294.1087,99463.6101,100090.3384
1752652800,100088.6066,103282.5628,99708.9578,102793.8649
1752667200,102818.1825,102943.4928,99307.037,99580.2307
1752681600,99571.4679,101568.4223,97536.6917,97593.2072
1752696000,97604.5392,98458.9814,96792.4861,97460.8575
1752710400,97465.5789,99051.7419,96509.2152,98775.9437
1752724800,98766.0495,98789.8545,97022.7093,98341.6389
1752739200,98339.9068,101094.1569,97931.584,100634.9341
1752753600,100645.5278,103055.997,100433.1203,102378.631
1752768000,102382.2835,105280.7847,102267.9211,104486.4066
1752782400,104480.6324,106079.72,103881.1302,104102.1758
1752796800,104103.0141,105898.6114,103619.572,104991.0639
1752811200,104996.741,106951.4943,104899.5673,105459.1106
1752825600,105461.9416,108439.2301,105223.3898,106404.7367
1752840000,106358.2959,106422.7129,103369.5711,104966.4353
1752854400,105005.9235,107152.0788,104713.1389,105306.6112
1752868800,105312.263,105844.4347,103792.2537,104676.8889
1752883200,104669.7463,104973.6468,101061.747,101360.5391
1752897600,101299.6551,101776.4667,97837.2008,98083.6439
1752912000,98130.75,100206.3896,97505.0054,99192.4101
1752926400,99181.7267,99982.7893,95946.5989,95976.9758
1752940800,95965.9861,98467.5247,95928.4277,97964.3459
1752955200,97956.7479,98320.7392,97115.786,97758.3885
1752969600,97737.987,98619.971,96875.783,98238.1024
1752984000,98254.4826,98934.7558,96224.9331,96703.4424
1752998400,96692.588,97782.9743,96628.6657,97481.4879
1753012800,97480.5041,100042.4367,97466.8788,99397.6127
1753027200,99381.6265,99418.8065,94882.5102,94905.0778
1753041600,94923.1552,96552.7731,94765.8054,96270.5331
1753056000,96297.0074,96999.9301,95152.9137,95362.0154
1753070400,95341.3413,97793.8011,95295.0322,97793.8011
1753084800,97814.656,98474.2198,96605.4023,97263.4364
1753099200,97260.5091,98353.1991,95732.8711,95761.5155
1753113600,95753.4396,97093.0247,95131.3293,95582.3063
1753128000,95578.209,95994.8792,94091.6759,95035.8982
1753142400,95043.4122,96505.1132,94559.0449,96118.6356
1753156800,96113.274,96204.3412,93553.8439,93849.7612
1753171200,93856.7559,94494.2397,92954.6872,93217.5134
1753185600,93205.6554,93332.412,90724.0615,91248.7808
1753200000,91242.6436,92138.2884,90724.594,90795.5158
1753214400,90793.3251,91869.2026,90284.9985,90737.9709
1753228800,90712.1562,91064.7626,89506.6703,90494.9506
1753243200,90472.269,90616.2469,88283.0502,90183.0868
1753257600,90166.0935,91550.6798,89914.4112,90862.0737
1753272000,90885.2773,91711.6898,89632.0235,89804.9694
1753286400,89788.0896,91268.0752,89333.5937,90087.0331
1753300800,90094.7889,90976.3095,88795.3594,89119.0552
1753315200,89123.9951,90565.5153,88749.9598,90303.4005
1753329600,90289.3385,92890.2034,90129.834,92389.3414
1753344000,92387.2595,94162.6687,91884.5099,93523.1786
1753358400,93521.5292,94256.2188,92036.9727,93741.8008
1753372800,93755.3055,94828.5639,93255.4176,93763.1115
1753387200,93755.1198,95893.2059,93519.5627,95746.5995
1753401600,95767.3625,97767.1082,95055.7851,95363.831
1753416000,95345.3938,96317.6419,94543.2755,96183.6891
1753430400,96171.8579,96342.0503,93424.1434,94609.123
1753444800,94595.2547,94796.5648,92333.9392,93239.8518
1753459200,93214.5018,95253.0811,93027.9273,95212.2692
1753473600,95245.7036,96720.6003,94684.8055,94684.8055
1753488000,94678.8702,94678.8702,92772.3881,93270.3619
1753502400,93240.4367,95085.5315,92681.0783,94753.6916
1753516800,94738.0628,96476.6479,94644.3716,95364.5581
1753531200,95366.2855,95926.0268,93949.4518,95047.8461
1753545600,95050.4401,99806.1011,94689.0521,99730.7069
1753560000,99743.4782,100382.3157,97092.8461,97461.7586
1753574400,97483.6426,100810.6557,97227.8292,99591.2326
1753588800,99599.9813,100914.4387,98888.81,100479.5694
1753603200,100501.4109,101441.2976,98648.9431,99931.6107
1753617600,99946.6693,104444.977,99849.9125,104437.0368
1753632000,104441.4763,104481.8552,101059.0198,101429.748
1753646400,101453.281,101709.2165,99869.8615,100493.6554
1753660800,100455.9479,100979.4922,99672.3231,99717.3573
1753675200,99704.2473,100369.2688,98862.8068,99045.2071
1753689600,99054.8127,100366.8813,98622.5602,99647.2257
1753704000,99635.5629,100080.9723,98077.2451,98788.4473
1753718400,98754.8832,99263.2286,97167.7235,97931.9362
1753732800,97936.8338,98040.5513,95708.5047,96969.0254
1753747200,97015.9391,99289.0843,96814.1681,98908.3341
1753761600,98867.3318,99544.4701,96979.7401,97690.5473
1753776000,97668.8278,98142.2705,96242.4005,96713.651
1753790400,96702.1039,97250.8585,94349.7248,94886.565
1753804800,94896.2778,95187.4197,92734.0126,92826.4804
1753819200,92835.6285,93030.7778,89929.366,91641.8691
1753833600,91631.9824,93195.4379,90710.5966,93047.4096
1753848000,93055.1221,93058.0181,90348.2168,90492.1096
1753862400,90478.8839,92210.5345,89955.0127,92057.2753
1753876800,92059.4806,92369.8251,89700.8688,90044.8836
1753891200,90075.7531,91093.8822,89429.1364,91090.9432
1753905600,91079.7317,91887.5925,90216.5162,90576.2822
1753920000,90593.8355,90593.8355,90593.8355,90593.8355
1753934400,88442.6757,90544.3836,88085.9169,89287.7293
1753948800,89276.4779,90026.7435,88295.8739,88702.9103
1753963200,88698.4216,89660.3735,88291.612,88665.0089
1753977600,88648.2667,90266.412,88006.8964,89560.7591
1753992000,89548.4599,89614.3994,86765.0132,86914.7484
1754006400,86925.2587,87444.1814,84974.0449,84974.0449
1754020800,84972.08,88264.7674,84972.08,87269.466
1754035200,87265.083,88853.659,87170.2635,88710.0388
1754049600,88713.2904,90058.8058,88554.0444,89542.1371
1754064000,89550.3908,91599.4738,88809.7886,91588.6888
1754078400,91566.4474,92784.4922,91063.3969,91717.6163
1754092800,91705.4454,92782.6598,91119.6359,92171.3353
1754107200,92166.5973,94089.4037,92015.554,93849.6731
1754121600,93850.5882,94968.8967,92883.2547,93868.8593
1754136000,93869.602,95671.5992,93541.8922,95385.7261
1754150400,95435.6808,95662.4941,93696.4224,94770.4798
1754164800,94770.411,95944.2916,94453.8498,95539.2139
1754179200,95519.4263,96447.9797,94381.4438,95570.4754
1754193600,95535.9062,96139.6245,95035.1829,95851.7685
1754208000,95853.8859,98021.9853,95679.7877,97191.5729
1754222400,97209.5043,97637.5956,95597.711,96010.8403
1754236800,95990.7022,98880.9116,94963.1917,97841.4027
1754251200,97814.1015,99333.4138,97138.8947,97450.2201
1754265600,97453.3849,98703.2092,96954.45,98428.8503
1754280000,98428.7944,98516.3856,96707.2836,97666.7101
1754294400,97686.3477,99789.4439,97000.4585,99443.9368
1754308800,99427.4031,100393.8845,97822.1939,99777.6922
1754323200,99796.0485,101169.0492,99605.9628,100875.0713
1754337600,100889.4736,101478.9793,97765.4774,99108.0406
1754352000,99126.0543,99521.1255,96800.4904,97054.064
1754366400,97050.4285,97386.7417,94924.0188,95162.5404
1754380800,95150.8009,96869.8876,94957.0955,95580.2872
1754395200,95580.6446,96843.937,94025.0935,94077.2551
1754409600,94067.4335,95109.331,93542.5414,93988.108
1754424000,93993.1124,94821.6535,92732.6992,92781.262
1754438400,92779.1275,94476.2517,92230.6017,94382.1412
1754452800,94369.8022,96627.9992,93523.7661,96564.134
1754467200,96544.7911,97238.2829,94675.4314,95383.1119
1754481600,95377.9505,96492.9494,95012.3371,95393.9577
1754496000,95374.1762,95691.8857,93820.2059,94480.5797
1754510400,94465.8422,95708.7691,93818.947,94405.2979
1754524800,94425.6623,96222.4499,93994.0384,96149.053
1754539200,96145.7251,96344.1226,93676.0951,93676.0951
1754553600,93679.9044,94201.5811,92028.0826,92608.5165
1754568000,92596.021,93028.0243,91671.7894,92586.1013
1754582400,92584.596,94639.8985,92373.8372,94174.8789
1754596800,94165.3245,94875.1001,93440.7793,94241.1722
1754611200,94219.6453,95678.6445,92853.2497,95442.6431
1754625600,95422.9954,96409.2741,93750.938,94340.5046
1754640000,94357.8693,95372.2625,93544.0822,95220.3082
1754654400,95270.2899,97530.5718,95129.7918,97238.777
1754668800,97239.1333,99163.9155,96927.3164,98267.2131
1754683200,98255.9649,98845.0764,96498.0741,97415.8317
1754697600,97417.2804,99814.1583,97068.2032,97339.8979
1754712000,97318.5674,98228.9978,96006.3188,96006.3188
1754726400,96036.1941,96442.5758,90388.9034,91155.1421
1754740800,91140.0161,91954.9035,89985.1628,90355.6833
1754755200,90385.255,92288.9903,90212.1255,91738.7711
1754769600,91752.0719,92113.2072,90452.9801,90714.1715
1754784000,90704.7061,93245.0592,90661.0277,91894.1971
1754798400,91889.5359,92120.3602,87743.8593,88126.2634
1754812800,88145.8335,88252.417,85896.6155,86358.2263
1754827200,86353.6697,86512.6324,84374.7985,85181.1971
1754841600,85168.3838,87261.041,85048.8234,86423.4672
1754856000,86401.0967,86773.6457,85187.4223,85268.0281
1754870400,85264.5146,85875.926,83770.4491,84273.2548
1754884800,84248.0333,84710.5175,83131.1213,83240.7
1754899200,83252.4069,85241.0685,82913.7918,84586.9291
1754913600,84579.3106,87046.6752,84183.2009,86617.2597
1754928000,86614.0469,88676.0471,86214.395,88130.747
1754942400,88140.4896,91357.1398,88007.2463,90844.7222
1754956800,90864.3655,93853.8696,90749.1948,93695.0364
1754971200,93668.4733,94000.7066,91545.8062,91609.7509
1754985600,91623.3258,91951.0426,88488.2822,88508.1259
1755000000,88516.5312,90683.4576,88014.4416,89938.6512
1755014400,89937.5468,90266.3896,88548.9605,90228.5548
1755028800,90278.4909,90816.4867,88638.0675,88845.3533
1755043200,88854.9884,90321.31,88042.4529,89091.6755
1755057600,89089.1543,89811.4474,88461.9078,89670.6347
1755072000,89688.2933,89998.3181,87149.6493,88086.601
1755086400,88069.1142,88700.6194,86751.9,87159.1539
1755100800,87169.7795,87769.4094,85499.3703,85661.2037
1755115200,85661.5147,87560.3989,85235.8101,87002.8649
1755129600,87016.0062,89202.0334,86365.1247,89137.5146
1755144000,89144.5619,89436.2541,85661.5056,85784.4768
1755158400,85757.5174,87748.0081,85554.02,86896.273
1755172800,86886.5004,90059.7211,86315.194,89797.1991
1755187200,89794.9416,90611.7878,89119.0602,89604.0216
1755201600,89584.3904,90159.5427,87641.5863,88943.1532
1755216000,88918.7587,88936.105,87312.0311,87639.9588
1755230400,87660.4816,88700.7752,86986.9037,88482.8033
1755244800,88443.5586,89508.5074,86884.6471,87326.2911
1755259200,87303.3383,88673.4416,87284.1454,87832.3651
1755273600,87848.9353,88143.6494,86411.8528,87212.8077
1755288000,87222.6989,88649.4255,86289.6324,86762.4413
1755302400,86746.7935,87916.5521,86481.425,87545.936
1755316800,87494.0982,90454.851,87454.4552,90444.7928
1755331200,90398.9545,93469.0433,90180.1138,93051.0839
1755345600,93063.2357,93166.671,91537.8322,91763.9225
1755360000,91746.1738,93224.4245,90311.183,90813.7357
1755374400,90796.8098,91153.9131,89074.514,89130.2488
1755388800,89159.0293,90561.5505,88352.0545,89777.79
1755403200,89770.5882,91608.7877,89567.849,90538.307
1755417600,90534.3363,91523.362,89233.7213,91133.5412
1755432000,91120.4598,95762.2243,91009.5625,95524.1448
1755446400,95517.5364,98225.3909,95320.7795,97870.4995
1755460800,97862.7544,99408.9239,97422.464,99076.2145
1755475200,99090.6926,102223.2848,99022.205,101012.7771
1755489600,101000.5867,101707.0947,99224.4757,99443.4898
1755504000,99451.2435,100246.5434,98241.3193,99318.0325
1755518400,99319.4977,100749.594,99162.1105,99509.1287
1755532800,99503.1662,99945.1387,98002.0964,99170.9314
1755547200,99170.7994,100536.3645,98011.7316,100310.2493
1755561600,100290.2405,100742.6501,99336.7782,100224.0423
1755576000,100204.877,101546.5218,99212.548,101468.3449
1755590400,101478.7369,102210.7912,100021.5553,100883.5739
1755604800,100899.1855,103110.501,99978.6352,101694.9076
1755619200,101668.0783,103180.0882,100779.7032,102485.55
1755633600,102511.1349,103813.9938,102018.4557,102889.6499
1755648000,102901.7322,105217.3542,102768.9292,104864.262
1755662400,104875.9401,104900.6358,101580.9598,103682.6736
1755676800,103683.603,104369.6924,102571.5013,102734.6111
1755691200,102762.0086,103499.8548,101745.8377,102977.7581
1755705600,102960.218,103014.7836,100462.3265,101346.2573
1755720000,101318.6629,103536.8686,100898.7912,101983.9618
1755734400,101979.4296,103313.1093,101322.5306,101565.1956
1755748800,101546.1186,102874.88,100735.364,101092.0549
1755763200,101100.0767,101149.1762,98427.5885,100225.9492
1755777600,100242.882,101579.4471,98788.961,101482.6728
1755792000,101459.4509,102875.3287,101113.6851,101342.6176
1755806400,101344.8592,101356.3345,99368.7374,99981.5259
1755820800,99984.8809,102943.596,99632.3347,101730.641
1755835200,101730.1812,103608.0107,101495.6889,103448.0229
1755849600,103429.0883,104120.6863,102161.5263,103078.4527
1755864000,103060.7865,103426.8333,99181.6271,100662.8096
1755878400,100638.0841,101615.7466,96889.1753,97543.355
1755892800,97528.8006,98645.1163,96218.277,98505.8119
1755907200,98530.3459,99597.9575,97795.5333,98607.1181
1755921600,98606.0295,100131.5763,98402.9087,99077.7703
1755936000,99102.5409,99974.3465,97573.9745,98168.0814
1755950400,98183.4466,98265.6419,95023.6301,96086.8568
1755964800,96063.7925,96967.0981,94661.9778,94947.8651
1755979200,94957.4851,97410.7285,94794.9234,95316.2658
1755993600,95338.3359,95360.848,92355.2033,92408.847
1756008000,92383.6667,93068.1983,91741.2071,92723.4903
1756022400,92709.1893,93371.5925,91866.326,92151.4338
1756036800,92129.8408,92145.214,90225.2101,91050.9784
1756051200,91031.4908,92308.9585,90411.9608,92077.3804
1756065600,92053.4439,92544.7939,88823.3537,89004.2332
1756080000,89020.6692,89487.4445,87747.1101,87964.6471
1756094400,87971.5378,88821.0824,87219.3483,88483.4181
1756108800,88476.3404,90181.266,88331.2815,89844.4333
1756123200,89842.5007,90709.6422,88503.9895,88796.8391
1756137600,88804.2301,89970.3067,88212.5884,88537.6514
1756152000,88561.0809,88774.6333,87068.4817,88701.1186
1756166400,88672.0112,89002.9984,86399.718,86738.6884
1756180800,86729.584,88099.9606,85595.0116,86170.0022
1756195200,86175.8723,89980.6038,85460.2491,89521.9201
1756209600,89501.8448,91334.7679,88631.279,90738.5873
1756224000,90755.7272,91431.1598,89308.7239,89705.8469
1756238400,89705.293,90460.3316,88083.8555,88308.2451
1756252800,88308.6372,89638.0066,86721.137,89280.846
1756267200,89313.8097,89684.3386,88398.453,88786.1947
1756281600,88794.4237,90356.8666,88014.5423,89754.6026
1756296000,89750.9234,90305.5504,88290.0285,89029.174
1756310400,89012.5236,89379.1635,87839.5743,87988.3438
1756324800,87997.801,88216.0662,86330.8696,86731.6533
1756339200,86720.569,87787.1851,85981.618,87539.5198
1756353600,87526.5779,87597.3322,83340.7573,83634.4469
1756368000,83626.0974,84531.9966,82590.8271,83956.2878
1756382400,83947.2268,84857.8315,83508.0691,84365.1298
1756396800,84354.8623,85220.1635,83271.3542,84221.5491
1756411200,84204.8498,85212.8814,83091.2372,83179.981
1756425600,83206.9874,84165.1385,82076.9077,83036.4601
1756440000,83032.7248,83698.1162,81490.7121,81798.2272
1756454400,81798.5782,83430.634,81613.231,83430.634
1756468800,83445.8133,83954.0916,82747.3959,83401.4514
1756483200,83399.1031,83595.3245,81705.7901,82665.9386
1756497600,82638.1336,82704.9642,81327.8815,81824.1242
1756512000,81821.1117,81934.6511,79975.3448,80901.5334
1756526400,80885.4101,80885.4101,80885.4101,80885.4101
1756540800,81929.0771,83201.1528,81333.2707,82835.7897
1756555200,82848.2899,83595.7364,81165.5264,82429.4659
1756569600,82425.2433,84231.3779,81691.54,83227.6472
1756584000,83238.514,83455.1878,81829.0399,81947.7161
1756598400,81972.9136,82627.4169,79919.8078,80115.0697
1756612800,80122.4684,80495.6225,78385.7759,78814.2894
1756627200,78806.9541,79462.9059,78034.7271,78796.1719
1756641600,78798.4888,79057.393,77290.846,78491.1576
1756656000,78504.4803,79426.781,77454.2222,78207.2451
1756670400,78196.2252,78933.914,76843.1636,78323.3582
1756684800,78345.6923,78345.6923,78345.6923,78345.6923
